Nom,Email,DATE,HEURE,CODE
Ahmed Ben Ali,ahmed.benali@email.tn,2024-01-15,09:23,A7B3C9
Fatma Karray,fatma.karray@gmail.com,2024-01-16,14:45,D2E8F1
Mohamed Trabelsi,m.trabelsi@company.tn,2024-01-17,11:30,G5H4J6
Salma Gharbi,salma.gharbi@yahoo.com,2024-01-18,16:12,K9L2M3
Yassine Mansour,yassine.m@outlook.com,2024-01-19,08:55,N4P7Q1
Amira Chebbi,amira.chebbi@email.tn,2024-01-20,13:27,R8S6T5
Hamza Bouazizi,hamza.b@hotmail.com,2024-01-21,10:18,U2V9W3
Nour Jlassi,nour.jlassi@gmail.com,2024-01-22,15:42,X7Y1Z4
Karim Dhaoui,karim.dhaoui@company.tn,2024-01-23,09:05,B5C8D2
Rania Mejri,rania.mejri@email.tn,2024-01-24,12:33,E3F6G9
Oussama Ayari,oussama.ayari@yahoo.com,2024-01-25,14:56,H1J4K7
Sarra Khaled,sarra.khaled@outlook.com,2024-01-26,11:22,L8M2N5
Mehdi Touati,mehdi.touati@gmail.com,2024-01-27,16:49,P3Q6R9
Ines Brahim,ines.brahim@company.tn,2024-01-28,08:11,S7T1U4
Walid Sassi,walid.sassi@hotmail.com,2024-01-29,13:38,V2W5X8
Marwa Slimani,marwa.slimani@email.tn,2024-01-30,10:25,Y6Z9A3
Firas Mahfoudh,firas.m@gmail.com,2024-01-31,15:07,B4C7D1
Emna Haouala,emna.haouala@yahoo.com,2024-02-01,09:44,E8F2G5
Bilel Chouchane,bilel.c@outlook.com,2024-02-02,12:19,H3J6K9
Olfa Nefzi,olfa.nefzi@company.tn,2024-02-03,14:52,L7M1N4
Tarek Ben Salem,tarek.bensalem@email.tn,2024-02-04,11:36,P2Q5R8
Hela Ghanmi,hela.ghanmi@gmail.com,2024-02-05,16:23,S6T9U3
Anis Derbel,anis.derbel@hotmail.com,2024-02-06,08:47,V1W4X7
Sabrine Hamdi,sabrine.hamdi@yahoo.com,2024-02-07,13:14,Y5Z8A2
Chokri Ltaief,chokri.ltaief@company.tn,2024-02-08,10:58,B9C3D6
Mayssa Zouari,mayssa.zouari@email.tn,2024-02-09,15:31,E4F7G1
Slim Dahmani,slim.dahmani@outlook.com,2024-02-10,09:29,H8J2K5
Nesrine Elloumi,nesrine.e@gmail.com,2024-02-11,12:06,L3M6N9
Hichem Barouni,hichem.barouni@yahoo.com,2024-02-12,14:41,P7Q1R4
Samia Ferchichi,samia.ferchichi@company.tn,2024-02-13,11:15,S2T5U8
Rafik Oueslati,rafik.oueslati@hotmail.com,2024-02-14,16:53,V6W9X3
Lamia Haddad,lamia.haddad@email.tn,2024-02-15,08:28,Y1Z4A7
Sofien Baccar,sofien.baccar@gmail.com,2024-02-16,13:09,B5C8D2
Wafa Souissi,wafa.souissi@outlook.com,2024-02-17,10:44,E9F3G6
Montassar Jedidi,montassar.j@yahoo.com,2024-02-18,15:27,H4J7K1
Raoudha Agrebi,raoudha.agrebi@company.tn,2024-02-19,09:13,L8M2N5
Adel Dhouib,adel.dhouib@email.tn,2024-02-20,12:48,P3Q6R9
Najoua Mansour,najoua.mansour@hotmail.com,2024-02-21,14:21,S7T1U4
Rached Chaari,rached.chaari@gmail.com,2024-02-22,11:05,V2W5X8
Souad Belhadj,souad.belhadj@yahoo.com,2024-02-23,16:39,Y6Z9A3
Nabil Krimi,nabil.krimi@outlook.com,2024-02-24,08:54,B1C4D7
Afef Dridi,afef.dridi@company.tn,2024-02-25,13:26,E5F8G2
Hatem Jmal,hatem.jmal@email.tn,2024-02-26,10:37,H9J3K6
Chiraz Bouslama,chiraz.b@gmail.com,2024-02-27,15:18,L4M7N1
Moez Tekaya,moez.tekaya@hotmail.com,2024-02-28,09:51,P8Q2R5
Leila Hannachi,leila.hannachi@yahoo.com,2024-02-29,12:29,S3T6U9
Fathi Landolsi,fathi.landolsi@outlook.com,2024-03-01,14:03,V7W1X4
Ahlem Sellami,ahlem.sellami@company.tn,2024-03-02,11:47,Y2Z5A8
Maher Abdelli,maher.abdelli@email.tn,2024-03-03,16:34,B6C9D3
Ikram Bouhouch,ikram.bouhouch@gmail.com,2024-03-04,08:16,E1F4G7